{
	"__comment": "Created by XeKr",
	"parent": "block/block0",
	"textures": {
		"particle": "#particle",
		"block": "blocks/better_leaves_template"
	},
	"elements": [ 	 
		{
			"__comment": "cube",
			"from": [ 0, 0, 0 ],
			"to": [ 16, 16, 16 ],
			"faces": {
				"down": { "uv": [ 4, 4, 12, 12 ], "texture": "#block", "cullface": "down", "tintindex": 0 },
				"up": { "uv": [ 4, 4, 12, 12 ], "texture": "#block", "cullface": "up", "tintindex": 0 },
				"north": { "uv": [ 4, 4, 12, 12 ], "texture": "#block", "cullface": "north", "tintindex": 0 },
				"south": { "uv": [ 4, 4, 12, 12 ], "texture": "#block", "cullface": "south", "tintindex": 0 },
				"west": { "uv": [ 4, 4, 12, 12 ], "texture": "#block", "cullface": "west", "tintindex": 0 },
				"east": { "uv": [ 4, 4, 12, 12 ], "texture": "#block", "cullface": "east", "tintindex": 0 }
			}
		},
		{
			"__comment": "out",
			"from": [ 8, 16, -4 ],
			"to": [ 8.001, 24, 20 ],
			"rotation": { "origin": [ 8, 16, 8 ], "axis": "y", "angle": 45 },
			"shade": false,
			"faces": {
				"west": { "uv": [ 12, 0, 0, 4 ], "texture": "#block", "tintindex": 0 },
				"east": { "uv": [ 12, 0, 0, 4 ], "texture": "#block", "tintindex": 0 }
			}
		},
		{
			"__comment": "out1",
			"from": [ -4, 16, 8 ],
			"to": [ 20, 24, 8.001 ],
			"rotation": { "origin": [ 8, 16, 8 ], "axis": "y", "angle": 45 },
			"shade": false,
			"faces": {
				"north": { "uv": [ 12, 0, 0, 4 ], "texture": "#block", "tintindex": 0 },
				"south": { "uv": [ 12, 0, 0, 4 ], "texture": "#block", "tintindex": 0 }
			}
		},
		{
			"__comment": "out2",
			"from": [ -4, -8, 8 ],
			"to": [ 20, 0, 8.001 ],
			"rotation": { "origin": [ 8, -8, 8 ], "axis": "y", "angle": 45 },
			"shade": false,
			"faces": {
				"north": { "uv": [ 16, 12, 4, 16 ], "texture": "#block", "tintindex": 0 },
				"south": { "uv": [ 16, 12, 4, 16 ], "texture": "#block", "tintindex": 0 }
			}
		},
		{
			"__comment": "out3",
			"from": [ 8, -8, -4 ],
			"to": [ 8.001, 0, 20 ],
			"rotation": { "origin": [ 8, -8, 8 ], "axis": "y", "angle": 45 },
			"shade": false,
			"faces": {
				"west": { "uv": [ 16, 12, 4, 16 ], "texture": "#block", "tintindex": 0 },
				"east": { "uv": [ 16, 12, 4, 16 ], "texture": "#block", "tintindex": 0 }
			}
		},
		{
			"__comment": "out4",
			"from": [ 16, -4, 8 ],
			"to": [ 24, 20, 8.001 ],
			"rotation": { "origin": [ 16, 8, 8 ], "axis": "x", "angle": 45 },
			"shade": false,
			"faces": {
				"north": { "uv": [ 0, 4, 4, 16 ], "texture": "#block", "tintindex": 0 },
				"south": { "uv": [ 4, 4, 0, 16 ], "texture": "#block", "tintindex": 0 }
			}
		},
		{
			"__comment": "out5",
			"from": [ 16, 8, -4 ],
			"to": [ 24, 8.001, 20 ],
			"rotation": { "origin": [ 16, 8, 8 ], "axis": "x", "angle": 45 },
			"shade": false,
			"faces": {
				"down": { "uv": [ 12, 12, 16, 0 ], "texture": "#block", "tintindex": 0 },
				"up": { "uv": [ 12, 0, 16, 12 ], "texture": "#block", "tintindex": 0 }
			}
		},
		{
			"__comment": "out6",
			"from": [ -8, 8, -4 ],
			"to": [ 0, 8.001, 20 ],
			"rotation": { "origin": [ -8, 8, 8 ], "axis": "x", "angle": 45 },
			"shade": false,
			"faces": {
				"down": { "uv": [ 0, 16, 4, 4 ], "texture": "#block", "tintindex": 0 },
				"up": { "uv": [ 0, 4, 4, 16 ], "texture": "#block", "tintindex": 0 }
			}
		},
		{
			"__comment": "out7",
			"from": [ -8, -4, 8 ],
			"to": [ 0, 20, 8.001 ],
			"rotation": { "origin": [ -8, 8, 8 ], "axis": "x", "angle": 45 },
			"shade": false,
			"faces": {
				"north": { "uv": [ 12, 0, 16, 12 ], "texture": "#block", "tintindex": 0 },
				"south": { "uv": [ 16, 0, 12, 12 ], "texture": "#block", "tintindex": 0 }
			}
		},
		{
			"__comment": "out8",
			"from": [ 8, -4, -8 ],
			"to": [ 8.001, 20, 0 ],
			"rotation": { "origin": [ 8, 8, 0 ], "axis": "z", "angle": 45 },
			"shade": false,
			"faces": {
				"west": { "uv": [ 16, 0, 12, 12 ], "texture": "#block", "tintindex": 0 },
				"east": { "uv": [ 12, 0, 16, 12 ], "texture": "#block", "tintindex": 0 }
			}
		},
		{
			"__comment": "out9",
			"from": [ 8, -4, -8 ],
			"to": [ 8.001, 20, 0 ],
			"rotation": { "origin": [ 8, 8, 0 ], "axis": "z", "angle": -45 },
			"shade": false,
			"faces": {
				"west": { "uv": [ 0, 3.999999, 4, 16 ], "texture": "#block", "tintindex": 0 },
				"east": { "uv": [ 4, 4, 0, 16 ], "texture": "#block", "tintindex": 0 }
			}
		},
		{
			"__comment": "out10",
			"from": [ 8, -4, 16 ],
			"to": [ 8.001, 20, 24 ],
			"rotation": { "origin": [ 8, 8, 24 ], "axis": "z", "angle": -45 },
			"shade": false,
			"faces": {
				"west": { "uv": [ 12, 0, 16, 12 ], "texture": "#block", "tintindex": 0 },
				"east": { "uv": [ 16, 0, 12, 12 ], "texture": "#block", "tintindex": 0 }
			}
		},
		{
			"__comment": "out11",
			"from": [ 8, -4, 16 ],
			"to": [ 8.001, 20, 24 ],
			"rotation": { "origin": [ 8, 8, 24 ], "axis": "z", "angle": 45 },
			"shade": false,
			"faces": {
				"west": { "uv": [ 4, 4, 0, 16 ], "texture": "#block", "tintindex": 0 },
				"east": { "uv": [ 0, 4, 4, 16 ], "texture": "#block", "tintindex": 0 }
			}
		}
	]
}